,Date,Piligrims,Tonsures,Hundi,Temperature,Condition,ttd online darshan tickets,Tirupati,Tirumala,VIP darshan,How to reach Tirupati,ttd sarva darshan tickets,ttd free darshan online booking availability,apsrtc tirumala darshan tickets,apsrtc ttd 300 tickets,ksrtc tirupati package,srinivasam complex,tirumala darshan tickets,tirumala darshan,tirupati balaji.ap.gov.in,tirupati darshan 500 rupees ticket,ttd free darshan online booking availability.1,Week_day,Review,Timestamp,Day,Speciality,Festivals,Tidi,Seva_Begins,Sevas,Public_Day,Normal
0,2022-1-1,36560,14084,2.15,77,1275,0,43,23,16,0,0,0,32,0,0,0,0,9,0,0,0,1,-1,1640975400.0,Saturday,New Years Day,0,0,0,0,1,0
1,2022-1-2,38894,12270,3.93,79,972,6,41,25,14,0,0,0,0,0,0,0,0,9,0,0,0,1,0,1641061800.0,Sunday,"Amavasya, Sravanam, Tirupati Sri G.T Adhyayanotsavam Begins",0,1,1,0,0,0
2,2022-1-3,31776,16046,2.69,79,972,10,40,19,0,0,0,14,24,0,0,0,0,5,7,0,14,0,0,1641148200.0,Monday,"Maha Sivaratri, Tirupati Sri KT Nandi Vahanam",1,0,0,1,0,0
3,2022-1-4,31523,14692,2.45,79,972,0,45,17,22,0,24,14,0,0,53,0,0,16,0,0,14,0,0,1641234600.0,Tuesday,Amavasya,0,1,0,0,0,0
4,2022-1-5,32044,17558,2.61,79,972,8,32,14,21,0,30,10,0,0,0,0,18,10,7,0,10,0,1,1641321000.0,Wednesday,May Day,0,0,0,0,1,0
5,2022-1-6,29652,14916,2.75,81,972,0,33,13,0,0,16,0,0,0,31,25,11,3,8,25,0,0,0,1641407400.0,Thursday,"Buddha Jayanthi, Karvetinagaram Sri VGS Pushpayagam",0,0,0,1,1,0
6,2022-1-7,62856,22115,2.21,81,1324,10,40,19,0,0,0,0,0,0,0,0,0,7,7,0,0,0,0,1641493800.0,Friday,normal,0,0,0,0,0,1
7,2022-1-8,33619,15769,2.42,81,1324,0,36,20,11,0,0,0,0,0,36,0,0,11,0,0,0,1,-1,1641580200.0,Saturday,Naga Chaturthi,0,1,0,0,0,0
8,2022-1-9,32235,15003,3.19,84,1324,0,33,15,0,0,0,11,0,30,0,21,0,9,0,0,11,1,0,1641666600.0,Sunday,Rushi Panchami,0,1,0,0,0,0
9,2022-1-10,32242,15715,2.71,82,972,0,35,15,0,31,0,11,0,54,0,0,0,8,8,0,11,0,0,1641753000.0,Monday,Tirumala Sri TT Garuda Sava,0,0,0,1,0,0
10,2022-1-11,23744,12017,2.5,82,1291,0,32,16,32,0,0,0,0,63,0,25,9,7,13,0,0,0,0,1641839400.0,Tuesday,"Sravanam, Tirumala Sri TT Pushpa Yagam",0,1,0,1,0,0
11,2022-1-12,25524,13052,1.59,84,972,9,34,19,0,0,34,0,0,0,0,0,9,9,0,0,0,0,0,1641925800.0,Wednesday,normal,0,0,0,0,0,1
12,2022-1-13,46118,10594,4.09,79,1878,7,30,18,17,0,0,10,0,0,50,0,14,11,0,43,10,0,-1,1642012200.0,Thursday,"Vaikunta Ekadasi, Sri T.T Vaikunta Dwara Darsanam Begins, Krittika,",0,1,1,0,0,1
13,2022-1-14,37304,9645,2.13,82,1275,0,25,14,0,0,0,34,0,0,0,44,11,6,12,0,34,0,0,1642098600.0,Friday,Bhogi,1,0,0,0,0,0
14,2022-1-15,34375,11156,2.92,81,972,0,30,15,0,0,0,0,0,0,0,41,32,11,0,0,0,1,0,1642185000.0,Saturday,"Makara Sankranthi, Sanitrayodashi",1,1,0,0,0,0
15,2022-1-16,35642,11178,2.77,79,972,0,27,16,20,0,0,0,0,0,24,47,0,3,0,69,0,1,0,1642271400.0,Sunday,"Kanuma, Sri Godadevi Parinayotsavam",1,0,0,1,0,0
16,2022-1-17,35333,12252,2.52,79,1291,0,29,13,0,0,0,9,18,0,37,0,21,8,0,0,9,0,0,1642357800.0,Monday,"Purnima, Punarvasu, Sri Ramakrishna Teertha Mukkoti",0,1,0,1,0,0
17,2022-1-18,33971,11356,2.62,79,962,9,30,13,34,0,0,10,0,0,0,0,0,2,0,0,10,0,1,1642444200.0,Tuesday,normal,0,0,0,0,0,1
18,2022-1-19,34187,13279,2.11,82,862,0,29,16,0,0,0,0,0,0,25,0,11,7,12,0,0,0,1,1642530600.0,Wednesday,normal,0,0,0,0,0,1
19,2022-1-20,36092,13738,2.58,84,862,15,32,18,0,0,0,10,0,0,0,23,33,12,0,67,10,0,0,1642617000.0,Thursday,normal,0,0,0,0,0,1
20,2022-1-21,39440,13692,2.53,86,1324,11,34,21,0,91,0,16,39,0,0,0,0,12,0,0,16,0,0,1642703400.0,Friday,normal,0,0,0,0,0,1
21,2022-1-22,45481,15909,2.33,88,972,10,39,25,0,39,0,16,0,61,0,0,28,12,0,60,16,1,0,1642789800.0,Saturday,Sri T.T Vaikunta Dwara Darshanam Ends,0,0,0,1,0,0
22,2022-1-23,27895,13631,3.48,86,972,0,34,19,0,0,18,12,0,0,0,0,22,17,0,35,12,1,0,1642876200.0,Sunday,normal,0,0,0,0,0,1
23,2022-1-24,27223,14624,1.87,86,1291,5,32,18,15,0,20,7,0,0,0,17,26,12,8,0,7,0,0,1642962600.0,Monday,normal,0,0,0,0,0,1
24,2022-1-25,28745,13553,2.14,82,972,14,33,18,17,0,0,20,0,0,0,32,13,16,0,0,20,0,-1,1643049000.0,Tuesday,normal,0,0,0,0,0,1
25,2022-1-26,27446,13403,1.77,81,1291,6,34,21,15,0,19,37,0,0,0,0,31,20,10,80,37,0,0,1643135400.0,Wednesday,Republic Day. Sri T.T Adhyayanotsavam Ends,0,0,0,0,1,0
26,2022-1-27,27536,13635,2.09,79,2689,11,36,21,0,0,17,20,0,0,0,0,22,10,42,0,20,0,0,1643221800.0,Thursday,normal,0,0,0,0,0,1
27,2022-1-28,24888,12650,2.1,79,972,48,60,54,35,0,54,31,0,0,29,0,55,45,76,27,31,0,-1,1643308200.0,Friday,Ekadasi,0,1,0,0,0,0
28,2022-1-29,28234,12466,2.3,79,1521,81,66,61,12,0,100,86,0,0,0,0,78,61,89,38,86,1,0,1643394600.0,Saturday,normal,0,0,0,0,0,1
29,2022-1-30,27896,11135,2.41,84,972,13,39,20,0,0,0,0,34,0,0,58,16,13,10,29,0,1,0,1643481000.0,Sunday,Masasivaratri,0,1,0,0,0,0
30,2022-1-31,26401,12401,2.18,86,972,8,37,20,13,22,0,8,0,0,46,0,11,12,21,0,8,0,0,1643567400.0,Monday,normal,0,0,0,0,0,1
31,2022-2-1,29496,12210,1.97,86,1291,0,37,18,0,0,15,0,0,27,0,0,18,16,17,0,0,0,1,1643653800.0,Tuesday,"Amavasya, Tirumala Sri T.T Adhyayanotsavam Begins",0,1,1,0,0,0
32,2022-2-2,29026,15110,2.18,86,1324,10,34,18,0,0,0,0,29,0,0,21,7,9,0,0,0,0,0,1643740200.0,Wednesday,normal,0,0,0,0,0,1
33,2022-2-3,31167,15701,1.83,86,1324,0,36,17,0,0,0,0,0,40,0,0,18,16,10,0,0,0,0,1643826600.0,Thursday,"Amavasya, Tirupati Sri KT Kalyanotsavam",0,1,0,1,0,0
34,2022-2-4,28410,14831,2.08,90,862,4,40,18,15,0,0,12,0,0,25,17,20,13,12,0,12,0,0,1643913000.0,Friday,Ugadi,1,0,0,0,0,0
35,2022-2-5,34632,16399,2.19,86,972,0,41,19,0,0,0,0,0,0,0,66,6,7,0,0,0,1,1,1643999400.0,Saturday,Krittika,0,1,0,0,0,0
36,2022-2-6,33737,13954,2.82,84,972,0,36,22,10,25,0,0,0,0,0,0,10,11,0,32,0,1,0,1644085800.0,Sunday,normal,0,0,0,0,0,1
37,2022-2-7,35516,13797,2.53,84,972,0,37,17,0,0,18,0,0,0,0,0,0,12,13,30,0,0,0,1644172200.0,Monday,normal,0,0,0,0,0,1
38,2022-2-8,30172,10829,2.22,84,862,0,39,21,0,0,0,13,0,0,0,0,8,8,0,0,13,0,0,1644258600.0,Tuesday,"Garuda Panchami, Tirumala Sri TT Garuda Sava, Vayalpadu Sri PRS Pattabhishekam Begins",0,1,0,1,0,0
39,2022-2-9,32092,29985,2.45,84,862,0,35,20,11,0,0,0,0,0,25,0,44,13,0,0,0,0,1,1644345000.0,Wednesday,normal,0,0,0,0,0,1
40,2022-2-10,32894,15770,2.65,84,862,10,29,14,13,0,0,11,48,0,0,0,17,7,0,0,11,0,0,1644431400.0,Thursday,"Gandhi Jayanti, Tirumala Sri TTSwarna Ratham, Saraswathi Puja",1,0,0,1,1,0
41,2022-2-11,32894,14359,2.55,84,862,0,40,22,0,30,17,0,0,0,30,0,13,21,19,0,0,0,0,1644517800.0,Friday,normal,0,0,0,0,0,1
42,2022-2-12,36333,17174,2.63,84,862,15,42,26,0,0,0,9,100,0,0,22,11,25,0,0,9,1,0,1644604200.0,Saturday,normal,0,0,0,0,0,1
43,2022-2-13,33356,16259,2.73,82,1324,17,36,23,19,0,76,21,0,0,0,31,11,17,8,64,21,1,0,1644690600.0,Sunday,normal,0,0,0,0,0,1
44,2022-2-14,64425,29476,2.65,82,972,20,41,23,8,0,0,15,16,0,0,15,16,15,0,0,15,0,0,1644777000.0,Monday,Punarvasu,0,1,0,0,0,0
45,2022-2-15,31794,16731,2.58,84,1291,8,44,25,22,19,0,0,0,0,25,20,7,18,0,0,0,0,1,1644863400.0,Tuesday,normal,0,0,0,0,0,1
46,2022-2-16,39691,18303,2.23,84,1324,14,43,27,14,0,27,17,18,0,41,0,13,18,0,0,17,0,1,1644949800.0,Wednesday,"Purnima, Tirupati Sri G.T Float Ends, Sri Kumaradhara Teertha Mukkoti",0,1,0,1,0,0
47,2022-2-17,39335,18834,3.01,84,1291,8,43,24,12,0,12,19,0,0,63,0,15,14,0,0,19,0,1,1645036200.0,Thursday,normal,0,0,0,0,0,1
48,2022-2-18,35584,18608,2.85,84,862,4,47,27,17,0,24,23,0,0,0,40,11,15,0,0,23,0,0,1645122600.0,Friday,normal,0,0,0,0,0,1
49,2022-2-19,41463,21975,2.46,84,862,17,50,26,8,0,0,10,0,0,0,0,15,24,15,0,10,1,0,1645209000.0,Saturday,normal,0,0,0,0,0,1
50,2022-2-20,41390,20527,3.06,90,862,14,46,26,0,43,0,0,0,35,30,0,25,23,5,35,0,1,1,1645295400.0,Sunday,Srinivasa Mangapuram Sri KVS Brahmotsavam Begins,0,0,0,1,0,0
51,2022-2-21,39619,21846,3.4,91,1324,6,47,28,9,0,0,5,0,20,0,0,21,17,6,0,5,0,0,1645381800.0,Monday,normal,0,0,0,0,0,1
52,2022-2-22,38000,17778,3.1,90,862,8,46,30,26,0,0,21,0,0,0,52,33,29,12,0,21,0,1,1645468200.0,Tuesday,Tirupati Sri KT Brahmotsavam Begins,0,0,1,0,0,0
53,2022-2-23,37216,22009,2.72,86,1324,100,100,100,60,0,87,100,0,0,17,30,100,100,100,0,100,0,0,1645554600.0,Wednesday,normal,0,0,0,0,0,1
54,2022-2-24,53740,26977,3.21,86,972,19,59,38,0,24,14,27,0,0,67,0,27,24,13,0,27,0,1,1645641000.0,Thursday,"Sri G.T Adhyayanotsavam Ends, Srinivasa Mangapuram Sri KVS Garuda Seva",0,0,0,1,0,0
55,2022-2-25,56559,28751,5.41,86,862,12,58,32,30,0,0,9,0,0,18,33,8,20,12,0,9,0,0,1645727400.0,Friday,normal,0,0,0,0,0,1
56,2022-2-26,65704,33187,3.67,86,862,7,58,38,16,35,25,13,0,0,0,0,23,25,13,34,13,1,0,1645813800.0,Saturday,normal,0,0,0,0,0,1
57,2022-2-27,68095,29050,3.94,88,862,13,53,39,30,0,0,22,0,0,0,54,9,19,0,25,22,1,0,1645900200.0,Sunday,"Ekadasi, Srinivasa Mangapuram, Sri KVS Rathotsavam",0,1,0,1,0,0
58,2022-2-28,55532,25114,4.33,88,862,18,57,44,17,0,17,14,0,0,0,36,30,26,16,0,14,0,0,1645986600.0,Monday,"Sravanam, Srinivasa Mangapuram Sri KVS Brahmotsavam Ends",0,1,0,1,0,0
59,2022-3-1,53163,20651,4.51,88,972,3,47,27,20,0,13,20,0,23,0,20,15,15,0,27,20,0,0,1646073000.0,Tuesday,normal,0,0,0,0,0,1
60,2022-3-2,46172,19395,3.33,88,1324,15,47,28,25,23,0,13,0,0,17,20,18,12,0,33,13,0,1,1646159400.0,Wednesday,normal,0,0,0,0,0,1
61,2022-3-3,50511,22089,3.63,84,1291,0,47,27,26,0,0,0,14,0,0,13,10,13,0,19,0,0,0,1646245800.0,Thursday,Tirupati Sri KT Brahmotsavam Ends,0,0,0,1,0,0
62,2022-3-4,56686,27997,2.93,86,1291,5,54,25,26,0,0,18,0,0,23,28,15,11,0,0,18,0,1,1646332200.0,Friday,"Matsya Jayanti, Tirupati Sri Kodanda Rama Swamy Temple Garuda Seva",0,0,0,1,1,0
63,2022-3-5,67750,30192,3.13,86,862,0,49,32,27,28,0,28,0,28,0,0,11,16,22,0,28,1,0,1646418600.0,Saturday,"Rohini, Parasurama Jayanthi, Akshaya Tritheeya",0,1,0,0,1,0
64,2022-3-6,61052,27500,4.57,84,1291,5,49,24,24,0,0,15,21,44,0,20,10,12,0,0,15,1,0,1646505000.0,Sunday,Punarvasu,0,1,0,0,0,0
65,2022-3-7,57904,26877,4.06,86,1291,0,49,26,51,0,19,0,0,0,74,0,16,16,0,0,0,0,0,1646591400.0,Monday,Srinivasa Mangapuram Sri KVS Sakshatkara Vaibhavotsavam Begins,0,0,1,0,0,0
66,2022-3-8,58561,25401,4.01,90,862,14,49,22,12,0,36,29,0,0,59,17,0,11,0,0,29,0,1,1646677800.0,Tuesday,Kalki Jayanthi,0,0,0,0,1,0
67,2022-3-9,59086,28701,3.81,90,862,5,46,24,0,0,0,11,0,0,20,0,17,12,0,0,11,0,0,1646764200.0,Wednesday,normal,0,0,0,0,0,1
68,2022-3-10,61620,28988,4.36,90,1324,6,48,23,32,0,0,6,0,0,0,48,12,13,6,0,6,0,0,1646850600.0,Thursday,Durgastami,1,0,0,0,0,0
69,2022-3-11,65192,32592,4.41,90,862,6,51,26,18,0,55,23,0,0,0,0,9,9,0,52,23,0,0,1646937000.0,Friday,"Narayanavanam Sri KVS Float Begins, Yajnavalkya Jayanthi",0,0,1,0,1,0
70,2022-3-12,71069,34741,4.45,91,972,3,55,28,21,44,0,7,0,19,0,0,7,8,0,0,7,1,1,1647023400.0,Saturday,normal,0,0,0,0,0,1
71,2022-3-13,74167,33976,4.52,91,1291,4,48,25,49,60,19,7,0,0,0,0,13,15,0,20,7,1,0,1647109800.0,Sunday,"Tirumala Sri TT Float Begins, Punarvasu",0,1,1,0,0,0
72,2022-3-14,61982,27400,3.88,93,862,19,47,22,0,24,0,23,32,0,31,0,23,12,0,0,23,0,1,1647196200.0,Monday,Ekadasi,0,1,0,0,0,0
73,2022-3-15,61654,25920,4.25,93,1291,4,48,22,0,19,0,0,17,0,0,13,15,14,0,0,0,0,0,1647282600.0,Tuesday,normal,0,0,0,0,0,1
74,2022-3-16,64368,31179,4.52,93,1291,8,49,23,25,0,0,22,0,0,19,0,16,11,0,0,22,0,0,1647369000.0,Wednesday,normal,0,0,0,0,0,1
75,2022-3-17,66577,31471,3.97,95,1291,7,53,26,19,0,0,0,0,0,23,0,34,15,4,0,0,0,1,1647455400.0,Thursday,"Tirumala Sri TT Float Ends, Holi",0,1,0,1,0,0
76,2022-3-18,66763,33133,4.29,97,862,3,52,32,0,0,0,0,0,0,18,13,13,19,17,0,0,0,0,1647541800.0,Friday,"Thumburu Teertha Mukkoti, Purnima, Lakshmi Jayanthi",0,1,0,0,1,0
77,2022-3-19,72265,34517,4.59,97,972,8,62,40,13,0,19,0,0,0,0,0,15,23,9,0,0,1,0,1647628200.0,Saturday,normal,0,0,0,0,0,1
78,2022-3-20,70408,34932,4.63,88,1878,27,71,51,28,24,19,26,0,27,0,0,57,37,97,0,26,1,0,1647714600.0,Sunday,normal,0,0,0,0,0,1
79,2022-3-21,64425,29476,4.51,91,1324,38,90,82,24,22,25,33,18,35,0,17,45,52,71,61,33,0,0,1647801000.0,Monday,normal,0,0,0,0,0,1
80,2022-3-22,69711,30871,4.41,93,1291,24,75,53,12,19,28,22,23,0,30,46,22,27,63,0,22,0,1,1647887400.0,Tuesday,normal,0,0,0,0,0,1
81,2022-3-23,64986,33200,4.28,97,1291,4,69,42,12,0,0,28,0,23,0,19,24,25,21,0,28,0,-1,1647973800.0,Wednesday,normal,0,0,0,0,0,1
82,2022-3-24,63042,31218,4.18,95,1291,8,60,40,15,0,0,17,28,0,46,23,13,13,28,0,17,0,0,1648060200.0,Thursday,"Nagulapuram Sri VNS Surya Puja, Float Begins",0,0,0,1,0,0
83,2022-3-25,65418,33451,4.41,95,972,0,59,38,20,19,17,13,0,0,41,23,9,12,20,46,13,0,0,1648146600.0,Friday,normal,0,0,0,0,0,1
84,2022-3-26,69897,38099,3.92,97,972,17,79,71,15,86,0,36,0,0,0,100,36,30,47,0,36,1,0,1648233000.0,Saturday,normal,0,0,0,0,0,1
85,2022-3-27,71167,34688,4.46,97,862,10,59,40,24,0,0,13,0,0,32,17,16,15,0,0,13,1,0,1648319400.0,Sunday,normal,0,0,0,0,0,1
86,2022-3-28,64425,29476,4.43,99,862,15,52,36,19,24,0,35,17,33,0,21,19,22,4,0,35,0,1,1648405800.0,Monday,"Ekadasi, Sravanam, Srinivasa Mangapuram Sri KVS Pushpayagam, Nagulapuram Sri VNS Surya Puja, Float Ends",0,1,0,1,0,0
87,2022-3-29,54396,29334,4.37,99,972,4,52,33,13,36,0,6,0,28,0,0,8,14,0,0,6,0,0,1648492200.0,Tuesday,Annamacharya Vardhanthi,0,1,0,0,0,0
88,2022-3-30,61224,33930,4.02,99,862,5,50,31,26,0,0,8,18,0,0,0,11,21,14,87,8,0,1,1648578600.0,Wednesday,"Masasivaratri, Tirupati Sri Kodanda Rama Temple Brahmotsavam Begins",0,1,0,1,0,0
89,2022-3-31,54273,28089,4.08,100,862,0,49,28,9,0,0,5,0,0,0,0,5,13,4,0,5,0,0,1648665000.0,Thursday,normal,0,0,0,0,0,1
90,2022-4-1,56958,26029,3.35,97,862,7,55,28,15,0,0,19,0,32,0,0,19,16,6,0,19,0,1,1648751400.0,Friday,normal,0,0,0,0,0,1
91,2022-4-2,62925,33893,4.27,97,862,8,57,31,14,0,0,0,0,0,45,13,11,18,10,0,0,1,0,1648837800.0,Saturday,normal,0,0,0,0,0,1
92,2022-4-3,71034,32291,3.38,97,862,5,56,32,35,0,0,6,46,0,0,19,7,11,12,0,6,1,0,1648924200.0,Sunday,normal,0,0,0,0,0,1
93,2022-4-4,66112,35727,4.64,97,1324,8,56,30,18,28,12,14,0,0,0,11,15,14,4,0,14,0,0,1649010600.0,Monday,normal,0,0,0,0,0,1
94,2022-4-5,61654,25920,4.35,95,862,4,52,28,8,0,42,18,0,0,0,16,5,10,0,0,18,0,0,1649097000.0,Tuesday,normal,0,0,0,0,0,1
95,2022-4-6,68009,39518,4.1,95,1291,5,53,27,24,46,0,0,14,0,0,14,5,14,0,30,0,0,1,1649183400.0,Wednesday,normal,0,0,0,0,0,1
96,2022-4-7,65840,34135,4.19,95,862,7,55,27,36,0,29,0,0,0,46,14,8,14,0,0,0,0,0,1649269800.0,Thursday,normal,0,0,0,0,0,1
97,2022-4-8,60790,35106,4.36,95,862,6,57,31,0,0,0,10,0,0,0,22,19,21,19,0,10,0,0,1649356200.0,Friday,Vayalpadu Sri PRS Pattabhishekam Ends,0,0,0,1,0,0
98,2022-4-9,70727,38970,3.88,93,862,4,62,32,11,24,0,0,0,69,34,0,17,17,0,21,0,1,0,1649442600.0,Saturday,normal,0,0,0,0,0,1
99,2022-4-10,66593,31206,3.79,93,1291,3,51,32,33,40,0,16,0,0,41,0,16,16,0,0,16,1,1,1649529000.0,Sunday,"Mahanavami , Tirumala Sri TT Rathotsavam",0,1,0,1,0,0
100,2022-4-11,63223,34547,4.72,93,1291,0,56,25,9,0,0,17,0,0,21,0,18,14,6,0,17,0,0,1649615400.0,Monday,"Ekadasi, Chaturmasyam Ends",0,1,0,1,0,0
101,2022-4-12,72567,40468,4.32,95,1291,8,54,31,35,75,0,13,0,0,0,0,23,25,6,0,13,0,0,1649701800.0,Tuesday,"Gita Jayanthi, Ekadasi",0,1,0,0,1,0
102,2022-4-13,88748,38558,4.82,91,1291,0,59,33,17,0,0,14,0,0,0,0,21,14,0,49,14,0,1,1649788200.0,Wednesday,normal,0,0,0,0,0,1
103,2022-4-14,82722,33678,5.11,97,972,9,58,32,24,31,0,15,49,25,0,0,7,12,7,0,15,0,-1,1649874600.0,Thursday,"Tamil New Year?s Day, DR. B.R Ambedkar Jayanthi. Sri TT Vasanthotsavam Begins, Vayalpadu Sri PRS Brahmotsavam Ends, Tirupati SRI KRT Float Begins",0,0,0,1,1,0
104,2022-4-15,75110,34241,4.0,99,1291,0,57,30,0,0,29,0,0,0,0,0,5,13,8,0,0,0,1,1649961000.0,Friday,Vontimatta Sri Kodandaramaswamy Temple Pushpayagam,0,0,0,1,0,0
105,2022-4-16,76746,31574,4.62,100,972,4,58,31,26,0,0,5,22,0,31,0,17,12,8,0,5,1,0,1650047400.0,Saturday,normal,0,0,0,0,0,1
106,2022-4-17,68299,26421,4.9,97,1324,0,56,26,23,25,0,12,0,0,71,13,0,18,0,0,12,1,1,1650133800.0,Sunday,normal,0,0,0,0,0,1
107,2022-4-18,64157,29720,3.84,93,972,8,56,25,39,0,41,6,0,0,17,0,8,11,8,23,6,0,1,1650220200.0,Monday,normal,0,0,0,0,0,1
108,2022-4-19,67858,28536,4.15,97,972,4,46,24,27,0,0,0,0,0,0,0,0,12,0,19,0,0,1,1650306600.0,Tuesday,normal,0,0,0,0,0,1
109,2022-4-20,66745,30780,5.14,99,972,4,50,25,21,0,0,9,0,0,23,0,14,11,7,30,9,0,0,1650393000.0,Wednesday,normal,0,0,0,0,0,1
110,2022-4-21,61278,30585,4.32,99,862,0,48,23,0,71,0,0,0,100,0,32,12,14,10,0,0,0,1,1650479400.0,Thursday,normal,0,0,0,0,0,1
111,2022-4-22,63084,28563,3.12,99,972,5,51,27,13,0,12,6,0,0,0,30,14,16,0,0,6,0,1,1650565800.0,Friday,normal,0,0,0,0,0,1
112,2022-4-23,71069,34741,3.75,97,1291,13,57,30,42,0,0,6,0,0,0,12,12,12,5,0,6,1,1,1650652200.0,Saturday,normal,0,0,0,0,0,1
113,2022-4-24,75438,29440,4.28,99,1291,0,54,27,19,0,30,14,58,0,0,0,0,11,6,0,14,1,0,1650738600.0,Sunday,"Sravanam, Nagulapuram Sri VNS Brahmotsavam Ends",0,1,0,1,0,0
114,2022-4-25,65763,33758,4.29,100,862,6,57,30,10,0,0,0,0,0,29,0,22,17,6,0,0,0,0,1650825000.0,Monday,normal,0,0,0,0,0,1
115,2022-4-26,67681,31738,4.54,100,862,4,54,32,14,0,0,0,0,0,25,44,8,17,22,0,0,0,1,1650911400.0,Tuesday,normal,0,0,0,0,0,1
116,2022-4-27,75078,34674,4.34,102,972,3,51,28,14,0,0,0,0,16,0,28,17,15,9,0,0,0,1,1650997800.0,Wednesday,Ekadasi,0,1,0,0,0,0
117,2022-4-28,64380,31204,4.75,100,862,10,54,28,13,40,0,0,0,0,16,32,11,13,6,0,0,0,0,1651084200.0,Thursday,normal,0,0,0,0,0,1
118,2022-4-29,65725,30346,4.54,102,972,8,56,28,25,0,60,0,0,49,0,29,21,18,0,0,0,0,0,1651170600.0,Friday,Masa Shivratri,0,1,0,0,0,0
119,2022-4-30,75010,31116,3.59,102,972,16,60,36,37,0,16,0,0,0,0,0,6,15,5,0,0,1,0,1651257000.0,Saturday,Amavasya,0,1,0,0,0,0
120,2022-5-1,72904,30702,4.7,102,862,6,57,31,15,22,0,0,0,0,0,0,15,13,8,0,0,1,1,1651343400.0,Sunday,Sravanam,0,1,0,0,0,0
121,2022-5-2,65756,34774,4.6,99,1324,0,54,25,22,21,29,13,0,0,0,0,36,14,7,0,13,0,1,1651429800.0,Monday,Vasantha Panchami,0,1,0,0,0,0
122,2022-5-3,61654,25920,4.3,97,972,7,53,27,7,0,20,6,0,0,0,20,16,16,10,23,6,0,0,1651516200.0,Tuesday,normal,0,0,0,0,0,1
123,2022-5-4,69603,30434,3.84,95,1324,4,49,25,13,0,0,0,0,36,0,0,6,12,0,0,0,0,0,1651602600.0,Wednesday,Krittika,0,1,0,0,0,0
124,2022-5-5,59528,29995,3.91,84,1324,0,50,23,14,40,0,9,12,0,0,0,0,8,5,0,9,0,-1,1651689000.0,Thursday,Sri Ramanuja Jayanthi,0,0,0,0,1,0
125,2022-5-6,63265,31217,3.5,91,1291,0,51,24,9,0,0,0,48,0,24,0,0,10,9,0,0,0,0,1651775400.0,Friday,Tirupati Sri Govindaraja Swamy Temple Brahmotsavam Begins,0,0,0,1,0,0
126,2022-5-7,76324,38710,4.73,97,1324,4,60,29,33,0,0,13,0,0,17,0,12,12,0,0,13,1,1,1651861800.0,Saturday,"Tirupati Sri Govindarajaswamy Pushpa Yagam, Srinivasa Mangapuram Sri KVS Sakshatkara Vaibhavolsavam Ends",0,0,0,1,0,0
127,2022-5-8,75876,32164,4.64,91,1291,17,49,27,11,0,19,0,23,0,0,0,0,15,0,20,0,1,0,1651948200.0,Sunday,Varalakshmi Vratham,1,0,0,0,0,0
128,2022-5-9,69154,29617,4.27,93,1291,4,54,25,20,0,0,5,0,0,0,21,0,13,4,0,5,0,0,1652034600.0,Monday,"Teachers? Day, Tirupati Sri GT Pavitrotsavam Begins",0,0,1,0,1,0
129,2022-5-10,61090,26316,4.52,86,740,5,49,27,0,16,11,11,0,0,0,0,9,12,0,21,11,0,0,1652121000.0,Tuesday,"Sravanam, Vijayadasami, Tirumala Sri TT Brahmotsavam Ends, Tiruchanoor Sri PAT Navarathri Ends",1,1,0,1,0,0
130,2022-5-11,61863,30135,3.72,84,1521,0,51,25,12,19,30,0,0,0,0,0,18,11,0,0,0,0,1,1652207400.0,Wednesday,"Kaisika Dwadasi, Ksheerabdhi Dwadasi",0,1,0,0,0,0
131,2022-5-12,61087,30271,3.39,79,2229,0,48,23,33,0,0,14,15,0,0,0,0,11,15,0,14,0,0,1652293800.0,Thursday,Chakrateertha Mukkoti,0,1,0,0,0,0
132,2022-5-13,62001,32303,4.03,82,962,5,50,27,31,0,0,0,0,0,87,0,13,12,0,47,0,0,1,1652380200.0,Friday,"Hrishikesh, Narayanavanam Kalyana Venkateswara Swamy Temple Begins",0,1,0,1,0,0
133,2022-5-14,81107,43531,3.21,90,2229,14,55,25,38,0,0,0,0,0,20,0,7,14,0,0,0,1,1,1652466600.0,Saturday,"Nrusimha Jayanthi, Tiruchanoor Sri PAT Vasantotsavam Begins",0,0,0,1,1,0
134,2022-5-15,81720,34266,3.19,88,2229,0,55,27,12,0,0,22,0,48,24,16,12,16,0,0,22,1,0,1652553000.0,Sunday,"Sri Koorma Jayanthi, Sri Tarigonda Vengamamba Jayanthi",0,0,0,0,1,0
135,2022-5-16,72567,34718,3.21,86,1878,3,55,28,35,24,0,13,0,25,0,0,7,3,0,0,13,0,-1,1652639400.0,Monday,"Annamacharya Jayanthi, Pumima, Tirupati Sri KT Patra Pushpayagam",0,1,0,1,1,0
136,2022-5-17,75400,32223,4.02,84,2229,0,53,25,9,20,0,5,0,0,0,13,0,9,5,0,5,0,0,1652725800.0,Tuesday,"Tirupati Gangajatara Ends, Tiruchanoor Sri PAT Vasantotsavam Ends",0,0,0,1,0,0
137,2022-5-18,74389,38007,4.35,86,1275,4,53,29,17,0,0,0,0,0,0,16,9,15,0,0,0,0,1,1652812200.0,Wednesday,normal,0,0,0,0,0,1
138,2022-5-19,67625,34584,4.05,90,862,5,54,26,12,88,59,0,0,32,38,0,0,10,0,0,0,0,1,1652898600.0,Thursday,Srinivasa Mangapuram Sri KVS Vasantotsavam Begins,0,0,1,0,0,0
139,2022-5-20,71119,37256,3.91,88,1324,5,61,32,26,0,0,0,43,0,33,0,0,18,12,0,0,0,0,1652985000.0,Friday,normal,0,0,0,0,0,1
140,2022-5-21,83739,46187,4.2,90,862,26,77,52,0,0,0,25,34,0,0,0,39,34,30,0,25,1,0,1653071400.0,Saturday,"Hrishikesh, Narayanavanam Sri Kalyana Venkateswara Swamy Temple Ends, Sravanam, Nagulapuram Sri VNS Pushpayagam, Srinivasa Mangapuram Sri KVS Vasantotsavam Ends",0,1,0,1,0,0
141,2022-5-22,70848,29957,4.65,95,1291,10,64,32,0,0,15,13,0,0,0,0,12,26,0,0,13,1,1,1653157800.0,Sunday,normal,0,0,0,0,0,1
142,2022-5-23,75324,35086,5.03,97,972,13,58,34,17,28,0,0,0,0,47,34,10,18,6,36,0,0,0,1653244200.0,Monday,Karvetinagaram Sri Rukmani Sathyabama Sametha Sri Venugopala Swamy Temple Brahmotsavam Begins,0,0,1,0,0,0
143,2022-5-24,75759,31050,4.41,97,1324,11,60,38,11,24,0,16,0,0,0,15,21,16,15,47,16,0,0,1653330600.0,Tuesday,normal,0,0,0,0,0,1
144,2022-5-25,75759,39208,5.43,88,1324,8,52,34,15,0,0,18,25,0,0,0,18,20,7,27,18,0,1,1653417000.0,Wednesday,Hanuman Jayanthi,0,0,0,0,1,0
145,2022-5-26,72758,40504,4.83,91,862,8,64,38,0,0,44,0,25,0,0,13,13,22,12,27,0,0,0,1653503400.0,Thursday,"Ekadasi, Mahee Jayanthi",0,1,0,0,1,0
146,2022-5-27,73358,41900,4.11,91,862,0,63,32,29,0,0,10,0,0,0,0,0,19,0,0,10,0,0,1653589800.0,Friday,normal,0,0,0,0,0,1
147,2022-5-28,89318,48539,3.76,97,862,8,67,37,36,0,0,0,0,0,0,0,17,24,6,0,0,1,-1,1653676200.0,Saturday,Masa Shivratri,0,1,0,0,0,0
148,2022-5-29,90885,35707,4.18,97,972,9,59,34,32,22,20,0,0,38,0,13,38,23,11,0,0,1,1,1653762600.0,Sunday,"Krittika, Kartari Ends",0,1,0,1,0,0
149,2022-5-30,74823,31159,4.51,97,972,3,63,38,41,59,0,0,62,0,0,34,15,16,27,22,0,0,0,1653849000.0,Monday,"Karvetinagaram Sri VGS Rathotsavam, Amavasya",0,1,0,1,0,0
150,2022-5-31,69848,28716,4.34,97,2689,14,59,34,8,68,18,0,28,0,19,0,28,17,13,0,0,0,-1,1653935400.0,Tuesday,"Rohini, Karvetinagaram Sri Rukmani Sathyabama Sametha Sri Venugopala Swamy Temple Brahmotsavam Ends",0,1,0,1,0,0
151,2022-6-1,71914,37234,4.39,93,962,9,52,29,14,56,0,15,0,0,58,13,17,18,11,0,15,0,0,1654021800.0,Wednesday,normal,0,0,0,0,0,1
152,2022-6-2,66001,38831,4.01,95,1878,7,54,29,40,0,0,0,24,0,22,0,6,9,0,29,0,0,-1,1654108200.0,Thursday,normal,0,0,0,0,0,1
153,2022-6-3,71196,36936,3.45,95,862,8,57,28,28,0,0,0,19,0,0,0,14,13,8,0,0,0,0,1654194600.0,Friday,normal,0,0,0,0,0,1
154,2022-6-4,90165,43362,4.18,91,1291,11,65,32,20,34,0,0,0,37,0,37,0,14,9,0,0,1,1,1654281000.0,Saturday,"Rohini, Vayalpadu Sri PRS Brahmotsavam Begins, Tirupati Sri KRT Rathotsavam",0,1,1,1,0,0
155,2022-6-5,78188,35427,3.94,95,1878,0,64,31,15,29,0,0,0,43,0,0,11,14,0,0,0,1,0,1654367400.0,Sunday,Sri Sankara Jayanthi,0,0,0,0,1,0
156,2022-6-6,76921,39568,4.4,95,1324,3,55,28,16,0,0,0,16,0,0,0,24,10,0,0,0,0,1,1654453800.0,Monday,normal,0,0,0,0,0,1
157,2022-6-7,76425,36053,4.15,91,1291,18,56,27,31,22,0,9,0,0,57,27,8,12,0,0,9,0,0,1654540200.0,Tuesday,normal,0,0,0,0,0,1
158,2022-6-8,75345,36091,4.52,95,1324,4,52,27,36,0,0,31,0,21,0,0,9,14,5,0,31,0,0,1654626600.0,Wednesday,Tangonda Vengamamba Vardanti,0,1,0,0,0,0
159,2022-6-9,70019,36124,3.52,90,1275,6,52,25,12,35,0,16,0,0,0,0,14,16,0,0,16,0,0,1654713000.0,Thursday,Ekadasi,0,1,0,0,0,0
160,2022-6-10,67949,39837,3.7,97,1291,0,61,29,16,0,0,12,0,33,0,43,10,10,7,0,12,0,-1,1654799400.0,Friday,"Tirumala Sri TT Back Savari Utsavam, Ekadasi",0,1,0,1,0,0
161,2022-6-11,87698,48804,3.88,97,1291,0,66,33,38,0,0,0,0,0,90,0,16,19,7,0,0,1,0,1654885800.0,Saturday,normal,0,0,0,0,0,1
162,2022-6-12,93400,39451,3.75,97,1324,16,59,29,18,0,0,0,0,0,57,0,0,17,6,0,0,1,0,1654972200.0,Sunday,Tirupati Sri KT Krittika Deepotsavam,0,0,0,1,0,0
163,2022-6-13,78602,42423,4.32,97,1291,0,53,30,38,0,0,6,0,30,36,0,22,13,0,0,6,0,0,1655058600.0,Monday,Tirupati Sri Govindaraja Swamy Temple Brahmotsavam Ends,0,0,0,1,0,0
164,2022-6-14,79103,37292,4.42,95,1291,0,51,28,19,0,0,0,0,0,26,0,18,17,5,53,0,0,0,1655145000.0,Tuesday,"Tirumala Sri TT Jyestabhishekam Ends. Eruvaka Purnima, Tiruchanoor Sri PAT Float Ends",0,0,0,1,0,0
165,2022-6-15,77326,38742,4.36,91,1324,0,53,31,26,0,0,10,0,0,0,17,20,21,0,0,10,0,1,1655231400.0,Wednesday,normal,0,0,0,0,0,1
166,2022-6-16,73371,39924,4.14,90,1878,25,54,28,18,21,13,10,0,0,26,0,10,15,0,0,10,0,0,1655317800.0,Thursday,normal,0,0,0,0,0,1
167,2022-6-17,76407,39938,4.28,86,1878,0,57,28,0,25,0,0,0,0,0,0,7,15,9,0,0,0,0,1655404200.0,Friday,normal,0,0,0,0,0,1
168,2022-6-18,84982,46679,4.42,86,1878,8,66,32,37,0,0,0,34,0,0,39,22,17,0,0,0,1,0,1655490600.0,Saturday,"Sravanam, Appalayagunta Sri Prasanna Venkateswara Swamy Temple Brahmotsavam Ends",0,1,0,1,0,0
169,2022-6-19,90471,37039,4.13,88,2229,6,55,27,21,0,0,0,0,31,0,0,15,15,0,32,0,1,0,1655577000.0,Sunday,normal,0,0,0,0,0,1
170,2022-6-20,76597,37759,4.47,88,1324,7,58,29,19,0,0,8,68,0,0,0,9,18,6,44,8,0,0,1655663400.0,Monday,Tiruchanoor Sri PAT Sundararaja Swamy Avatarotsavam Begins,0,0,1,0,0,0
171,2022-6-21,74906,36138,4.07,86,2229,6,56,27,37,22,0,18,15,0,34,0,20,19,5,0,18,0,0,1655749800.0,Tuesday,normal,0,0,0,0,0,1
172,2022-6-22,75472,38335,3.87,86,2229,10,55,27,39,44,0,0,0,0,0,0,9,17,6,23,0,0,0,1655836200.0,Wednesday,Tiruchanoor Sri PAT Sundararaja Swamy Avatarotsavam Ends,0,0,0,1,0,0
173,2022-6-23,68873,38952,4.44,84,2229,4,55,27,16,0,27,7,26,0,0,0,8,10,5,0,7,0,0,1655922600.0,Thursday,normal,0,0,0,0,0,1
174,2022-6-24,71589,41240,4.3,88,1291,8,63,32,28,0,0,6,0,0,28,15,13,22,0,0,6,0,0,1656009000.0,Friday,Ekadasi,0,1,0,0,0,0
175,2022-6-25,71069,34741,4.27,90,1291,13,68,36,11,0,0,13,0,0,0,38,7,10,7,0,13,1,0,1656095400.0,Saturday,normal,0,0,0,0,0,1
176,2022-6-26,88613,36153,4.24,93,1291,24,59,30,58,0,0,0,0,0,0,25,23,22,17,0,0,1,1,1656181800.0,Sunday,Krittika,0,1,0,0,0,0
177,2022-6-27,74288,36473,4.46,93,1291,13,64,40,34,33,0,17,0,0,26,0,19,26,33,44,17,0,0,1656268200.0,Monday,"Rohini, Masa Shivratri",0,1,0,0,0,0
178,2022-6-28,77154,30182,4.62,90,1291,12,59,34,0,0,0,0,0,0,0,48,15,18,12,0,0,0,0,1656354600.0,Tuesday,Amavasya,0,1,0,0,0,0
179,2022-6-29,70134,30059,4.26,88,1878,0,54,34,65,56,0,0,34,44,87,17,13,19,19,0,0,0,0,1656441000.0,Wednesday,normal,0,0,0,0,0,1
180,2022-6-30,65898,33686,3.66,91,962,0,57,29,16,0,0,0,33,0,85,12,16,13,15,0,0,0,0,1656527400.0,Thursday,Punarvasu,0,1,0,0,0,0
181,2022-7-1,64628,41613,3.47,95,2229,13,58,31,34,0,27,23,0,41,0,41,24,22,8,0,23,0,0,1656613800.0,Friday,normal,0,0,0,0,0,1
182,2022-7-2,88026,50652,4.34,95,2229,0,66,35,25,24,0,0,0,49,0,0,18,22,6,0,0,1,0,1656700200.0,Saturday,normal,0,0,0,0,0,1
183,2022-7-3,88682,37447,4.09,91,2229,4,59,34,26,43,0,0,19,0,0,0,17,18,0,0,0,1,0,1656786600.0,Sunday,normal,0,0,0,0,0,1
184,2022-7-4,77907,38267,6.18,86,1521,7,61,28,0,0,16,12,0,0,20,19,30,19,15,0,12,0,0,1656873000.0,Monday,Tirupati Sri Kodanda Rama Swamy Temple Brahmotsavam Ends,0,0,0,1,0,0
185,2022-7-5,73439,34490,4.35,88,740,9,59,29,24,0,0,28,0,0,31,0,21,22,0,51,28,0,0,1656959400.0,Tuesday,"Punarvasu, Tirupati Sri KRT Pushpayagam",0,1,0,1,0,0
186,2022-7-6,76418,38629,4.73,81,2339,6,61,37,27,71,0,0,16,0,46,17,8,19,16,0,0,0,1,1657045800.0,Wednesday,normal,0,0,0,0,0,1
187,2022-7-7,75407,35535,4.56,82,1521,19,65,40,28,0,0,14,0,61,0,0,20,27,29,0,14,0,0,1657132200.0,Thursday,normal,0,0,0,0,0,1
188,2022-7-8,73016,37068,4.09,84,1521,7,68,43,0,0,14,0,0,0,30,0,11,23,22,23,0,0,1,1657218600.0,Friday,Tirumala Sri TT Pavitrotsavam begins,0,0,1,0,0,0
189,2022-7-9,87478,48692,4.53,84,1521,4,72,46,18,76,0,11,0,0,24,30,0,30,11,0,11,1,1,1657305000.0,Saturday,Vamana Jayanthi,0,0,0,0,1,0
190,2022-7-10,89013,37698,4.39,84,1521,0,69,34,18,30,16,8,0,30,73,0,8,17,0,31,8,1,0,1657391400.0,Sunday,normal,0,0,0,0,0,1
191,2022-7-11,62141,33880,5.58,86,1521,0,62,32,30,100,0,23,0,0,0,18,11,22,11,0,23,0,0,1657477800.0,Monday,"Narayanavanam Sri KVS Float Ends, Karteeka Jwala Thoranam",0,1,0,1,0,0
192,2022-7-12,74212,25920,5.05,86,1291,8,58,33,25,27,23,0,0,0,18,17,24,25,0,0,0,0,0,1657564200.0,Tuesday,"Tirumala Sri Tr Karteeka Deepotsavam, Krittika, Sri Datta Jayanthi",0,1,0,1,1,0
193,2022-7-13,71289,33210,3.71,88,1291,4,59,28,12,42,0,0,0,0,0,0,12,8,0,0,0,0,0,1657650600.0,Wednesday,"Guru Purnima, Vyasa Purnima",0,1,0,1,0,0
194,2022-7-14,74304,31880,5.45,90,1324,5,54,30,35,0,14,0,0,0,0,32,23,18,10,0,0,0,0,1657737000.0,Thursday,normal,0,0,0,0,0,1
195,2022-7-15,72195,35967,4.24,91,962,0,59,34,37,0,0,0,0,21,0,0,0,11,7,31,0,0,0,1657823400.0,Friday,Sravanam. Appalayagunta Sri PVS Pushpayagam,0,0,0,1,0,0
196,2022-7-16,84885,41211,4.35,90,1275,0,67,30,17,43,0,16,70,0,0,15,10,15,0,0,16,1,0,1657909800.0,Saturday,normal,0,0,0,0,0,1
197,2022-7-17,73387,33965,4.68,90,1291,4,60,32,17,33,0,0,0,0,22,39,18,20,0,0,0,1,0,1657996200.0,Sunday," Anivara Asthanam, Dakshinayanam Begins, Tirumala Sri T.T. Pushpa Pallaki",0,1,0,1,0,0
198,2022-7-18,77273,35893,4.5,88,1275,0,60,29,9,0,0,6,0,0,0,0,9,15,9,0,6,0,0,1658082600.0,Monday,normal,0,0,0,0,0,1
199,2022-7-19,74503,30884,4.42,88,1291,5,60,29,26,21,0,0,0,0,0,0,18,19,0,0,0,0,1,1658169000.0,Tuesday,normal,0,0,0,0,0,1
200,2022-7-20,76821,34732,4.78,90,1275,0,57,29,23,0,0,16,0,30,0,0,10,18,30,46,16,0,1,1658255400.0,Wednesday,normal,0,0,0,0,0,1
201,2022-7-21,71437,31315,4.43,90,862,9,62,30,22,20,0,8,18,0,32,28,13,23,0,0,8,0,0,1658341800.0,Thursday,normal,0,0,0,0,0,1
202,2022-7-22,71395,32533,4.83,88,1291,0,64,27,37,55,0,0,43,0,0,0,10,14,0,0,0,0,-1,1658428200.0,Friday,normal,0,0,0,0,0,1
203,2022-7-23,78479,37521,3.76,90,972,4,70,34,24,27,29,10,0,0,0,0,18,22,13,0,10,1,0,1658514600.0,Saturday,"Ads Krittika, Tirupati Sri KRT Pavitrotsavam Begins",0,1,1,0,0,0
204,2022-7-24,80815,31562,4.82,88,1878,4,63,27,50,0,0,18,0,34,28,0,24,11,0,29,18,1,0,1658601000.0,Sunday,"Ekadasi, Rohini",0,1,0,0,0,0
205,2022-7-25,72873,32641,5.12,82,1275,0,64,25,51,0,0,11,0,0,0,15,12,16,0,0,11,0,0,1658687400.0,Monday,normal,0,0,0,0,0,1
206,2022-7-26,68982,29092,4.6,86,2229,8,60,32,39,0,0,0,78,0,0,0,34,20,8,73,0,0,1,1658773800.0,Tuesday,"Masa Shivratri, Tirupati Sri KRT Pavitrotsavam Ends",0,1,0,1,0,0
207,2022-7-27,73375,31117,4.71,86,862,8,59,29,11,18,0,13,0,0,21,24,17,18,11,21,13,0,1,1658860200.0,Wednesday,Punarvasu,0,1,0,0,0,0
208,2022-7-28,67364,25058,4.21,88,962,6,60,26,49,57,0,0,0,0,100,41,24,12,0,21,0,0,1,1658946600.0,Thursday,Amavasya,0,1,0,0,0,0
209,2022-7-29,58747,28496,3.79,90,1324,13,60,30,36,44,0,0,0,0,0,0,0,13,7,0,0,0,0,1659033000.0,Friday,normal,0,0,0,0,0,1
210,2022-7-30,77541,39533,3.87,91,972,0,62,33,0,43,17,0,0,50,0,0,0,14,10,0,0,1,0,1659119400.0,Saturday,normal,0,0,0,0,0,1
211,2022-7-31,81287,34436,3.83,91,1291,6,60,36,27,0,21,0,0,24,29,0,19,16,0,0,0,1,1,1659205800.0,Sunday,normal,0,0,0,0,0,1
212,2022-8-1,71450,31320,5.0,91,1291,6,63,34,22,48,0,0,0,0,0,0,28,20,0,0,0,0,-1,1659292200.0,Monday,normal,0,0,0,0,0,1
213,2022-8-2,72067,27581,4.3,84,1275,0,64,38,24,0,0,13,0,0,0,0,17,21,7,0,13,0,1,1659378600.0,Tuesday,Ratha Sapthami,0,1,0,0,0,0
214,2022-8-3,69628,32604,4.11,84,962,4,57,28,0,0,0,0,0,0,0,26,16,17,14,21,0,0,0,1659465000.0,Wednesday,normal,0,0,0,0,0,1
215,2022-8-4,62351,31473,4.99,82,1275,6,55,27,27,26,0,0,16,0,0,0,12,19,5,0,0,0,1,1659551400.0,Thursday,normal,0,0,0,0,0,1
216,2022-8-5,65939,32894,3.77,82,1275,7,61,26,16,0,0,11,0,0,0,0,9,13,6,0,11,0,0,1659637800.0,Friday,normal,0,0,0,0,0,1
217,2022-8-6,79525,39545,4.04,82,1291,6,67,32,31,29,27,0,0,0,0,0,0,20,11,0,0,1,0,1659724200.0,Saturday,normal,0,0,0,0,0,1
218,2022-8-7,74830,39405,4.79,84,2339,8,60,28,32,0,21,8,0,0,0,0,0,13,0,29,8,1,0,1659810600.0,Sunday,normal,0,0,0,0,0,1
219,2022-8-8,64425,29476,4.55,86,1275,6,60,33,26,0,0,8,22,0,0,0,0,15,0,0,8,0,0,1659897000.0,Monday,Ekadasi,0,1,0,0,0,0
220,2022-8-9,77277,31272,4.36,86,1291,5,61,29,35,0,13,0,0,0,0,0,18,11,0,0,0,0,0,1659983400.0,Tuesday,"Sravanam, Tirupati Sri GT Pavitrotsavam Ends",0,1,0,1,0,0
221,2022-8-10,74497,36244,5.15,90,1291,10,55,28,12,0,0,0,0,0,0,0,0,15,8,0,0,0,1,1660069800.0,Wednesday,normal,0,0,0,0,0,1
222,2022-8-11,63754,30790,3.63,91,972,4,53,27,28,0,0,0,52,0,0,0,0,16,0,0,0,0,0,1660156200.0,Thursday,"Sri KT Annabhishekam, Rudrapadalu Mukkoti, Purnima, Chandra Grahanam",0,1,0,1,0,0
223,2022-8-12,64079,32852,3.52,91,1324,0,64,30,15,0,17,6,0,0,0,0,7,14,5,0,6,0,0,1660242600.0,Friday," Purnima, Tirupati Sri KT Mukkoti, Rohini",0,1,0,1,0,0
224,2022-8-13,83422,50100,4.27,91,1291,0,68,37,43,0,0,0,25,0,0,0,24,12,0,58,0,1,1,1660329000.0,Saturday,normal,0,0,0,0,0,1
225,2022-8-14,92328,52969,4.36,91,1291,10,61,37,34,0,0,8,0,35,0,0,12,30,0,0,8,1,-1,1660415400.0,Sunday,normal,0,0,0,0,0,1
226,2022-8-15,87692,36832,5.3,90,962,14,55,32,100,0,19,0,19,0,40,0,0,30,0,0,0,0,0,1660501800.0,Monday,Independence Day,0,0,0,0,1,0
227,2022-8-16,72851,34404,4.73,91,2689,4,60,34,10,0,0,0,0,0,0,16,7,22,12,0,0,0,1,1660588200.0,Tuesday,normal,0,0,0,0,0,1
228,2022-8-17,83880,38710,5.86,95,1291,9,59,33,27,24,0,0,0,0,0,0,6,17,15,0,0,0,0,1660674600.0,Wednesday,normal,0,0,0,0,0,1
229,2022-8-18,70674,35930,4.53,91,1291,10,67,44,17,0,0,0,0,39,0,0,32,38,26,44,0,0,0,1660761000.0,Thursday,normal,0,0,0,0,0,1
230,2022-8-19,64438,34361,4.53,91,1291,6,61,32,26,27,0,0,34,0,0,0,12,16,7,100,0,0,0,1660847400.0,Friday,"Gokulastami, Krittika, Sri Krishnashtami",0,1,0,1,0,0
231,2022-8-20,79836,35916,4.56,91,1291,9,70,38,28,0,0,0,0,0,0,0,17,14,0,0,0,1,0,1660933800.0,Saturday,Rohini,0,1,0,0,0,0
232,2022-8-21,81523,37100,4.65,90,2802,0,59,35,18,50,19,0,21,0,0,0,0,16,0,0,0,1,0,1661020200.0,Sunday,normal,0,0,0,0,0,1
233,2022-8-22,72804,39142,4.82,93,962,10,58,29,45,0,0,0,15,0,62,0,9,18,19,0,0,0,1,1661106600.0,Monday,normal,0,0,0,0,0,1
234,2022-8-23,68467,35506,4.67,95,1324,14,57,26,0,0,0,0,0,0,33,0,11,16,17,0,0,0,0,1661193000.0,Tuesday,Ekadasi,0,1,0,0,0,0
235,2022-8-24,74748,39086,4.45,86,1878,10,60,34,0,45,0,0,0,0,0,25,37,25,26,0,0,0,0,1661279400.0,Wednesday,Punarvasu,0,1,0,0,0,0
236,2022-8-25,68128,34021,4.44,88,2229,11,61,29,33,31,0,8,0,0,0,0,5,15,13,46,8,0,0,1661365800.0,Thursday,Masa Shivratri,0,1,0,0,0,0
237,2022-8-26,69012,29195,4.59,90,2229,0,63,32,23,32,0,0,15,0,0,21,6,20,0,0,0,0,0,1661452200.0,Friday,normal,0,0,0,0,0,1
238,2022-8-27,80312,29538,5.14,88,1291,6,62,33,12,0,0,0,0,0,0,18,23,17,19,47,0,1,1,1661538600.0,Saturday,Amavasya,0,1,0,0,0,0
239,2022-8-28,74297,27317,3.96,88,2229,7,54,30,28,29,0,14,0,0,0,31,13,14,35,0,14,1,1,1661625000.0,Sunday,normal,0,0,0,0,0,1
240,2022-8-29,67950,31407,4.74,84,2229,5,54,32,25,0,0,0,0,0,29,26,8,11,9,31,0,0,0,1661711400.0,Monday,Balarama Jayanthi,0,0,0,0,1,0
241,2022-8-30,64336,25487,4.35,86,962,13,50,30,56,0,0,21,0,0,0,23,15,21,20,0,21,0,0,1661797800.0,Tuesday,Sri Varaha Jayanthi,0,0,0,0,1,0
242,2022-8-31,66086,27305,3.72,84,962,12,49,29,21,0,0,0,0,0,0,30,48,11,11,0,0,0,1,1661884200.0,Wednesday,Vinayaka Chavithi,1,0,0,0,0,0
243,2022-9-1,63332,26656,2.86,81,962,15,59,39,20,37,0,0,27,27,0,100,26,31,9,33,0,0,1,1661970600.0,Thursday,normal,0,0,0,0,0,1
244,2022-9-2,67525,31484,4.24,84,972,9,58,40,25,92,0,0,0,0,1,0,17,16,25,0,0,0,0,1662057000.0,Friday,Krittika,0,1,0,0,0,0
245,2022-9-3,79833,36074,4.73,88,1291,0,63,47,47,0,0,0,0,0,0,25,17,35,32,0,0,1,0,1662143400.0,Saturday,Krittika,0,1,0,0,0,0
246,2022-9-4,71158,27968,3.73,86,1275,11,57,39,58,0,0,0,0,0,1,0,23,22,15,100,0,1,0,1662229800.0,Sunday,Punarvasu,0,1,0,0,0,0
247,2022-9-5,67843,31817,3.88,91,972,0,59,41,35,0,0,62,0,0,0,20,12,26,0,0,62,0,1,1662316200.0,Monday,normal,0,0,0,0,0,1
248,2022-9-6,69115,31762,4.93,86,2229,8,59,36,42,43,0,16,0,0,6,19,54,22,0,0,16,0,0,1662402600.0,Tuesday,Tirupati Sri Govindaraja Swamy Temple Garuda Seva,0,0,0,1,0,0
249,2022-9-7,65470,29899,3.84,81,2229,16,59,38,61,28,0,31,0,0,0,0,13,20,54,0,31,0,1,1662489000.0,Wednesday,Tirupati Sri G.T. Jyestabhishekam Begins. Tirupati Sri K.T. Pavitrotsavam Begins,0,0,1,0,0,0
250,2022-9-8,60946,28638,3.75,81,2339,12,59,36,27,0,32,0,0,0,0,0,0,21,0,0,0,0,1,1662575400.0,Thursday,Karvetinagaram Sri VGS Float Begins,0,0,1,0,0,0
251,2022-9-9,64292,30641,3.72,82,962,28,60,44,16,71,0,0,0,0,0,0,31,28,17,0,0,0,0,1662661800.0,Friday,Ananta Padmanabha Vratham,0,1,0,0,0,0
252,2022-9-10,80741,41494,4.22,84,1878,14,74,48,46,50,0,0,0,0,0,0,24,26,0,0,0,1,1,1662748200.0,Saturday,Purmima,0,1,0,0,0,0
253,2022-9-11,86793,30254,4.47,86,1291,0,62,44,56,42,0,0,0,0,0,0,14,24,26,51,0,1,0,1662834600.0,Sunday,Krittika,0,1,0,0,0,0
254,2022-9-12,74231,33591,5.14,88,962,15,61,42,50,0,0,0,0,0,0,19,0,22,0,0,0,0,0,1662921000.0,Monday,normal,0,0,0,0,0,1
255,2022-9-13,75175,31979,4.05,90,1291,10,59,33,9,0,0,18,16,16,0,0,10,15,0,0,18,0,0,1663007400.0,Tuesday,Vundralla Tadde,0,1,0,0,0,0
256,2022-9-14,65634,31419,4.0,88,962,20,66,41,14,40,0,0,0,0,1,0,14,30,0,90,0,0,0,1663093800.0,Wednesday,Maha Bharani,0,1,0,0,0,0
257,2022-9-15,60946,28638,4.43,88,1291,13,62,42,14,0,0,0,17,17,0,52,10,28,20,0,0,0,0,1663180200.0,Thursday,normal,0,0,0,0,0,1
258,2022-9-16,67425,32693,4.86,88,972,0,67,49,16,0,0,0,0,0,2,0,10,25,23,0,0,0,1,1663266600.0,Friday,Krittika,0,1,0,0,0,0
259,2022-9-17,82392,41800,4.59,90,1291,8,74,47,61,86,0,0,0,0,0,18,12,27,19,31,0,1,0,1663353000.0,Saturday,Rohini,0,1,0,0,0,0
260,2022-9-18,88924,34282,3.72,90,1291,10,64,44,18,0,0,41,0,0,1,15,27,23,0,0,41,1,0,1663439400.0,Sunday,Sukra Moudhyam Begins,0,0,1,0,0,0
261,2022-9-19,67276,31140,5.71,90,1291,0,64,46,14,0,0,48,0,0,1,0,22,36,0,0,48,0,0,1663525800.0,Monday,normal,0,0,0,0,0,1
262,2022-9-20,73186,27365,4.6,90,1291,20,62,50,29,0,0,0,0,0,0,0,22,25,38,0,0,0,0,1663612200.0,Tuesday,Punarvasu,0,1,0,0,0,0
263,2022-9-21,74817,33350,2.97,91,862,47,83,83,13,95,0,35,0,0,0,24,43,60,56,0,35,0,0,1663698600.0,Wednesday,Ekadasi,0,1,0,0,0,0
264,2022-9-22,65187,27877,5.37,90,1291,0,67,55,30,40,0,22,21,21,0,14,34,26,54,0,22,0,0,1663785000.0,Thursday,normal,0,0,0,0,0,1
265,2022-9-23,65158,28416,4.44,91,1291,0,66,43,0,42,0,0,0,0,1,0,8,16,9,0,0,0,0,1663871400.0,Friday,normal,0,0,0,0,0,1
266,2022-9-24,69650,20409,4.51,93,1291,0,74,56,40,78,86,0,0,0,1,16,20,30,0,37,0,1,1,1663957800.0,Saturday,Masa Shivratri,0,1,0,0,0,0
267,2022-9-25,52682,15805,5.57,90,1878,17,69,42,16,0,0,0,0,0,0,33,15,16,11,0,0,1,0,1664044200.0,Sunday,"Mahalayam Ends, Amavasya",0,1,0,1,0,0
268,2022-9-26,51308,18812,2.03,90,2229,40,68,64,22,0,0,0,0,0,0,19,22,25,40,0,0,0,0,1664130600.0,Monday,"Tiruchanoor Sri PAT Navaratri Begins, Sarannavaratra Begins",0,0,1,0,0,0
269,2022-9-27,64823,22890,3.03,77,1291,20,61,44,23,0,0,19,0,0,1,0,17,27,0,0,19,0,0,1664217000.0,Tuesday,Tirumala Sri TT Brahmotsavam Begins,0,0,1,0,0,0
270,2022-9-28,61879,24634,1.82,83,432,0,57,40,0,0,33,0,0,0,1,0,45,19,37,27,0,0,0,1664303400.0,Wednesday,normal,0,0,0,0,0,1
271,2022-9-29,60946,28638,2.48,80,432,16,64,48,25,25,0,0,0,0,1,50,39,26,30,40,0,0,0,1664389800.0,Thursday,normal,0,0,0,0,0,1
272,2022-9-30,75382,31424,2.85,77,1291,18,66,49,12,0,29,29,0,0,0,13,17,18,0,0,29,0,0,1664476200.0,Friday,normal,0,0,0,0,0,1
273,2022-10-1,81318,38464,2.94,81,1521,0,70,58,14,77,0,30,0,0,0,0,30,26,0,0,30,1,0,1664562600.0,Saturday,normal,0,0,0,0,0,1
274,2022-10-2,70848,29957,2.98,86,1291,0,56,45,11,0,0,20,0,0,1,0,0,17,0,0,20,1,0,1664649000.0,Sunday,"Sri G.T Float Begins, Rohini",0,1,1,0,0,0
275,2022-10-3,82815,27147,3.05,90,1291,0,57,35,22,0,0,19,0,0,0,15,9,18,0,0,19,0,0,1664735400.0,Monday,Rohini,0,1,0,0,0,0
276,2022-10-4,68539,22177,2.9,91,1291,9,53,35,17,43,30,0,0,0,1,17,20,19,0,0,0,0,0,1664821800.0,Tuesday,"Srirama Navami, Vontimatta Sri Kodandaramaswamy Temple Brahmotsavam Begins",0,0,1,1,0,0
277,2022-10-5,63579,34524,1.95,88,962,0,53,40,37,38,29,0,0,0,0,0,24,16,11,0,0,0,0,1664908200.0,Wednesday,"Tirupati Gangajatara Begins, Tirumala Sri TT Padmavathi Srinivasulu Parinayam Begins",0,0,1,0,0,0
278,2022-10-6,72195,41071,2.17,86,962,0,66,46,28,0,0,23,0,0,1,23,0,20,0,0,23,0,0,1664994600.0,Thursday,"Tiruchanoor Sri PAT Float Begins, Ekadasi. Appalayagunta Sri Prasanna Venkateswara Swamy Brahmotsavam Begins",0,0,1,0,0,0
279,2022-10-7,70007,42866,4.25,84,1275,9,67,53,37,46,0,28,0,0,1,0,38,25,34,0,28,0,0,1665081000.0,Friday,"Tholi Ekadasi, Chaturmasyam Begins",0,1,1,0,0,0
280,2022-10-8,81034,47312,4.24,84,2229,8,76,61,33,0,0,0,0,0,0,0,36,38,15,39,0,1,0,1665167400.0,Saturday,Tirumala Sri Tr Pavitrotsavam Ends,0,0,0,1,0,0
281,2022-10-9,86188,41032,5.0,84,1275,9,63,55,49,0,0,0,0,0,0,0,38,43,23,0,0,1,0,1665253800.0,Sunday,"Purnima, Narayanavanam Sri KVS Pavitrotsavam",0,1,0,1,0,0
282,2022-10-10,83223,36658,4.73,84,1275,13,65,45,24,0,0,0,0,0,1,0,0,45,42,35,0,0,0,1665340200.0,Monday,normal,0,0,0,0,0,1
283,2022-10-11,77956,33672,3.88,84,1275,18,65,40,19,46,0,0,0,0,0,0,16,25,24,0,0,0,0,1665426600.0,Tuesday,Rohini,0,1,0,0,0,0
284,2022-10-12,79370,39199,4.25,86,1878,15,58,41,43,48,0,0,0,0,1,0,11,38,0,32,0,0,0,1665513000.0,Wednesday,normal,0,0,0,0,0,1
285,2022-10-13,72216,32338,5.65,86,1878,0,58,39,20,0,0,0,0,0,2,0,10,17,0,0,0,0,0,1665599400.0,Thursday,Krittika,0,1,0,0,0,0
286,2022-10-14,68675,32533,3.82,86,962,13,63,42,0,25,0,0,0,0,0,0,0,24,0,49,0,0,0,1665685800.0,Friday,Rohini,0,1,0,0,0,0
287,2022-10-15,81535,37357,4.08,84,1275,12,70,51,11,35,29,0,0,0,0,14,0,39,21,0,0,1,0,1665772200.0,Saturday,normal,0,0,0,0,0,1
288,2022-10-16,84794,35560,4.67,86,1998,27,58,45,31,28,43,0,16,16,0,16,28,22,15,88,0,1,0,1665858600.0,Sunday,normal,0,0,0,0,0,1
289,2022-10-17,70067,33092,4.61,86,2689,0,57,40,0,0,0,0,0,0,1,0,30,33,0,26,0,0,0,1665945000.0,Monday,Punarvasu,0,1,0,0,0,0
290,2022-10-18,73420,27621,4.28,86,1275,0,57,39,22,48,0,77,0,0,0,0,32,19,0,0,77,0,0,1666031400.0,Tuesday,Tulakaveri Snanam,0,1,0,0,0,0
291,2022-10-19,72243,32652,4.41,86,1275,24,58,40,21,0,22,0,0,0,0,13,21,23,22,0,0,0,0,1666117800.0,Wednesday,normal,0,0,0,0,0,1
292,2022-10-20,62725,30172,5.85,86,2689,22,64,43,23,0,0,0,0,0,0,12,0,18,11,29,0,0,0,1666204200.0,Thursday,Srinivasa Mangapuram Sri KVS Pavitrotsavam Begins,0,0,1,0,0,0
293,2022-10-21,62203,29100,3.91,84,962,0,68,56,10,0,0,0,0,0,0,0,16,32,30,0,0,0,0,1666290600.0,Friday,Ekadasi,0,1,0,0,0,0
294,2022-10-22,78299,34625,3.93,84,1291,23,67,53,15,0,0,0,27,27,0,0,9,27,31,0,0,1,0,1666377000.0,Saturday,normal,0,0,0,0,0,1
295,2022-10-23,80565,31608,6.31,84,862,10,54,38,46,0,0,0,0,0,1,0,24,24,23,30,0,1,0,1666463400.0,Sunday,"Masa Shivratri, Srinivasa Mangapuram Sn KVS Pavitrotsavam Ends",0,1,0,1,0,0
296,2022-10-24,69278,17660,4.15,84,862,0,38,29,19,30,0,0,0,0,0,0,0,15,20,0,0,0,0,1666549800.0,Monday,"Deepavali, Naraka Chaturdashi",1,1,0,0,0,0
297,2022-10-25,25549,9764,4.25,86,862,20,59,38,16,54,0,0,0,0,1,0,18,24,0,75,0,0,0,1666636200.0,Tuesday,"Amavasya, Surya Grahanam, Kedaragouri Vratham, Akasa Deepam Begins",0,1,1,0,0,0
298,2022-10-26,71689,28640,4.42,84,862,64,64,53,23,27,28,26,0,0,0,27,48,47,17,31,26,0,0,1666722600.0,Wednesday,normal,0,0,0,0,0,1
299,2022-10-27,67439,29450,4.6,84,972,12,62,43,69,0,0,41,22,22,0,16,16,20,14,0,41,0,1,1666809000.0,Thursday,"Bhaginihasta Bhojanam, Yama Chavithi",0,1,0,0,0,0
300,2022-10-28,63512,35549,3.72,77,2689,0,75,51,73,50,0,24,48,48,2,13,31,40,28,0,24,0,1,1666895400.0,Friday,normal,0,0,0,0,0,1
301,2022-10-29,84878,41016,3.86,82,962,19,77,56,32,0,0,0,0,0,100,28,19,31,37,0,0,1,1,1666981800.0,Saturday,"Nagula Chavithi, Tirumala Sri Tr Pedda Sesha Vahanam",1,0,0,1,0,0
302,2022-10-30,70848,29957,4.02,81,1291,15,63,53,27,0,0,45,0,0,0,0,0,27,0,44,45,1,0,1667068200.0,Sunday,normal,0,0,0,0,0,1
303,2022-10-31,70560,29751,4.18,82,740,0,64,46,0,69,0,73,0,0,1,45,35,31,0,50,73,0,0,1667154600.0,Monday,normal,0,0,0,0,0,1
304,2022-11-1,72176,25549,4.12,73,2339,14,67,48,0,28,0,0,0,0,0,0,16,48,19,24,0,0,1,1667241000.0,Tuesday,normal,0,0,0,0,0,1
305,2022-11-2,68995,29037,3.71,73,2339,0,62,43,16,0,0,31,44,44,0,0,12,34,11,0,31,0,0,1667327400.0,Wednesday,normal,0,0,0,0,0,1
306,2022-11-3,70263,28965,4.53,79,1878,15,67,45,39,50,0,0,0,0,0,39,24,34,23,33,0,0,0,1667413800.0,Thursday,normal,0,0,0,0,0,1
307,2022-11-4,63670,30475,3.79,82,962,0,64,42,28,0,0,0,0,0,3,0,18,30,11,0,0,0,0,1667500200.0,Friday,Tirupati Sri KRT Kalyanotsavam,0,0,0,1,0,0
308,2022-11-5,82604,37025,5.57,82,972,28,69,50,33,0,25,27,0,0,0,0,19,46,0,0,27,1,1,1667586600.0,Saturday,Kartari Begins,0,0,1,0,0,0
309,2022-11-6,84211,30906,4.2,82,862,14,65,50,13,25,0,0,16,16,0,20,9,24,0,0,0,1,-1,1667673000.0,Sunday,normal,0,0,0,0,0,1
310,2022-11-7,74094,21475,4.52,82,862,24,65,42,21,0,33,0,37,37,0,0,35,27,8,0,0,0,0,1667759400.0,Monday,Tirupati Sri Govindarajaswamy Jyestabhishekam Ends,0,0,0,1,0,0
311,2022-11-8,22423,9679,4.61,82,972,22,69,48,43,35,100,20,0,0,1,0,23,33,13,56,20,0,0,1667845800.0,Tuesday,"Sravana Purnima, Sravanam, Rakhi, Sri Vikhanasa Jayanthi, Karvetinagaram Sri VGS Float Ends",1,1,0,1,1,0
312,2022-11-9,66946,26990,4.73,82,972,0,56,49,31,0,0,38,0,0,2,0,41,40,0,0,38,0,0,1667932200.0,Wednesday,Mahalayam Begins,0,0,1,0,0,0
313,2022-11-10,61304,30133,3.46,82,1878,19,67,45,25,0,0,0,0,0,0,15,23,24,0,0,0,0,0,1668018600.0,Thursday,normal,0,0,0,0,0,1
314,2022-11-11,57104,32351,4.66,73,1998,66,98,85,17,0,0,46,0,0,0,0,60,87,71,0,46,0,1,1668105000.0,Friday,normal,0,0,0,0,0,1
315,2022-11-12,73323,41041,3.2,75,740,39,84,70,57,34,60,0,100,100,0,0,51,48,0,0,0,1,1,1668191400.0,Saturday,Punarvasu,0,1,0,0,0,0
316,2022-11-13,81130,29464,4.85,79,962,0,72,48,24,0,0,0,0,0,0,15,0,28,20,38,0,1,0,1668277800.0,Sunday,normal,0,0,0,0,0,1
317,2022-11-14,69814,29228,4.17,81,1275,25,71,44,25,0,0,23,0,0,0,0,0,25,26,0,23,0,1,1668364200.0,Monday,"Punarvasu, Children?s Day",0,1,0,0,1,0
318,2022-11-15,71461,26631,4.77,81,972,10,65,52,13,0,0,0,0,0,2,17,39,37,18,0,0,0,0,1668450600.0,Tuesday,normal,0,0,0,0,0,1
319,2022-11-16,74412,27626,4.27,81,862,30,71,78,52,95,52,0,0,0,1,15,52,51,69,0,0,0,1,1668537000.0,Wednesday,normal,0,0,0,0,0,1
320,2022-11-17,60861,28519,4.41,81,972,21,64,44,32,61,35,0,0,0,0,0,46,31,20,0,0,0,0,1668623400.0,Thursday,normal,0,0,0,0,0,1
321,2022-11-18,61731,30254,4.53,79,1291,0,70,48,31,0,0,48,27,27,1,0,13,24,13,0,48,0,0,1668709800.0,Friday,normal,0,0,0,0,0,1
322,2022-11-19,79471,36594,4.9,79,1291,33,73,58,56,37,0,0,0,0,1,22,66,39,13,92,0,1,1,1668796200.0,Saturday,Tiruchanoor Sri PAT Laksha Kumkumarchana,0,0,0,1,0,0
323,2022-11-20,80294,31554,4.48,75,1291,20,60,44,62,27,51,0,21,21,1,0,29,27,0,0,0,1,1,1668882600.0,Sunday,"Ekadasi, Tiruchanoor Sri PAT Brahmotsavam Begins",0,1,1,0,0,0
324,2022-11-21,70163,31489,5.22,70,740,0,63,41,51,0,0,0,0,0,33,0,18,38,17,0,0,0,0,1668969000.0,Monday,"Tirupati Sri KT Sornavarabhishekam, Dhanvantari Jayanthi",0,0,0,1,1,0
325,2022-11-22,69587,28645,4.35,73,1998,9,58,39,38,50,21,36,0,0,0,0,15,23,32,0,36,0,0,1669055400.0,Tuesday,Masasivaratri,0,1,0,0,0,0
326,2022-11-23,74354,23931,4.68,75,1275,10,61,44,0,0,0,25,0,0,1,0,21,24,26,0,25,0,0,1669141800.0,Wednesday,Amavasya,0,1,0,0,0,0
327,2022-11-24,66072,25239,4.23,82,1878,24,63,50,43,35,0,0,0,0,0,0,0,26,25,33,0,0,0,1669228200.0,Thursday,Tiruchanoor Sri PAT Gaja Vahanam,0,0,0,1,0,0
328,2022-11-25,60157,31445,4.0,81,1291,0,61,47,27,36,52,0,32,32,1,0,15,33,12,0,0,0,0,1669314600.0,Friday,Tiruchanoor Sri PAT Garuda Seva,0,0,0,1,0,0
329,2022-11-26,73831,34443,4.49,82,962,0,63,46,23,0,0,0,0,0,0,0,16,20,22,0,0,1,0,1669401000.0,Saturday,normal,0,0,0,0,0,1
330,2022-11-27,70848,29957,5.02,84,1324,13,60,44,30,0,57,0,0,0,1,0,0,26,0,0,0,1,1,1669487400.0,Sunday,"Sukramoudyam Ends, Tiruchanoor Sri PAT Rathotsavam",0,0,0,1,0,0
331,2022-11-28,67468,36082,4.16,84,862,14,62,40,17,0,0,54,0,0,1,0,25,31,90,0,54,0,1,1669573800.0,Monday,"Panchami Teertham, Tiruchanoor Sri PAT Brahmotsavam Ends",0,1,0,1,0,0
332,2022-11-29,69211,26764,5.11,82,1291,16,63,43,33,47,22,0,0,0,1,0,15,25,23,0,0,0,0,1669660200.0,Tuesday,"Sravanam, Subrahmanya Sashti, Tiruchanoor Sri PAT Pushpayagam",0,1,0,1,0,0
333,2022-11-30,69640,28649,4.65,81,972,0,53,41,35,0,0,36,0,0,1,14,24,34,22,0,36,0,0,1669746600.0,Wednesday,normal,0,0,0,0,0,1
334,2022-12-1,65568,25144,4.26,82,2689,11,57,45,32,0,35,21,0,0,0,37,61,32,0,0,21,0,1,1669833000.0,Thursday,normal,0,0,0,0,0,1
335,2022-12-2,64586,27501,3.9,84,1324,20,56,38,18,0,56,17,0,0,0,0,18,28,26,76,17,0,0,1669919400.0,Friday,Bhishma Ekadasi,0,1,0,0,0,0
336,2022-12-3,63931,34813,3.48,84,1324,14,70,52,36,0,0,35,0,0,2,0,26,29,0,0,35,1,0,1670005800.0,Saturday,normal,0,0,0,0,0,1
337,2022-12-4,80001,32967,4.07,82,1291,0,56,42,40,0,0,18,30,30,0,22,23,29,20,0,18,1,-1,1670092200.0,Sunday,"Ekadasi, Tirupati Sri KRT Pattabhishekam",0,1,0,1,0,0
338,2022-12-5,66020,29195,4.37,82,972,35,60,42,58,85,0,60,16,16,2,0,11,27,22,0,60,0,1,1670178600.0,Monday,"Ekadasi, Tirumala Sri TT Padmavathi Srinivasulu Parinayam Ends",0,1,0,1,0,0
339,2022-12-6,64162,23709,5.38,82,1291,26,59,40,0,0,24,34,17,17,0,0,18,30,10,0,34,0,0,1670265000.0,Tuesday,"Tirumala Sri TT Jyestabhishekam Begins, Tirupati Sri GT Rathotsavam",0,0,1,1,0,0
340,2022-12-7,51376,24878,4.6,79,1291,24,58,36,84,0,0,0,0,0,1,29,38,17,14,27,0,0,1,1670351400.0,Wednesday,Tirupati Sri Kapileswaraswamy Pavitrotsavam Ends,0,0,0,1,0,0
341,2022-12-8,54609,26718,3.39,75,1878,26,59,46,29,49,0,0,0,0,0,0,19,22,0,0,0,0,-1,1670437800.0,Thursday,Sri Hayagreeva Jayanthi,0,0,0,0,1,0
342,2022-12-9,57581,27021,3.12,66,1998,23,67,46,26,0,0,24,67,67,0,0,20,33,11,51,24,0,1,1670524200.0,Friday,normal,0,0,0,0,0,1
343,2022-12-10,69383,32391,3.75,73,2339,18,76,56,18,0,0,24,0,0,1,17,21,31,37,0,24,1,1,1670610600.0,Saturday,Atla Tadde,1,0,0,0,0,0
344,2022-12-11,72466,28123,4.29,79,1878,19,71,54,36,0,0,0,0,0,0,0,12,26,14,0,0,1,0,1670697000.0,Sunday,Tirupati Sri KT Laksha Bilvarchana,0,0,0,1,0,0
345,2022-12-12,65466,26174,3.27,75,1998,46,78,60,9,0,0,63,0,0,1,0,46,47,56,0,63,0,0,1670783400.0,Monday,normal,0,0,0,0,0,1
346,2022-12-13,63214,23147,5.5,81,1275,8,70,56,48,88,0,0,0,0,0,0,16,41,43,0,0,0,0,1670869800.0,Tuesday,normal,0,0,0,0,0,1
347,2022-12-14,59752,26000,3.65,81,972,15,62,44,8,0,50,0,0,0,1,0,33,23,54,0,0,0,0,1670956200.0,Wednesday,normal,0,0,0,0,0,1
348,2022-12-15,48928,23322,3.63,79,862,10,59,41,31,43,0,0,0,0,0,0,25,43,0,0,0,0,1,1671042600.0,Thursday,normal,0,0,0,0,0,1
349,2022-12-16,61731,30254,3.61,81,1324,37,71,47,43,0,0,22,0,0,1,26,58,39,29,0,22,0,0,1671129000.0,Friday,Dhanurmasam Begins 6-12 pm,0,0,1,0,0,0
350,2022-12-17,64107,30482,3.79,81,862,14,70,46,21,30,0,0,0,0,0,18,18,24,26,0,0,1,0,1671215400.0,Saturday,normal,0,0,0,0,0,1
351,2022-12-18,75611,29228,3.55,79,1878,9,62,43,34,0,0,40,0,0,0,0,23,35,54,46,40,1,0,1671301800.0,Sunday,normal,0,0,0,0,0,1
352,2022-12-19,63759,30102,3.4,77,862,33,65,40,52,27,0,0,0,0,1,32,18,39,28,0,0,0,0,1671388200.0,Monday,Ekadasi,0,1,0,0,0,0
353,2022-12-20,63366,24494,5.3,77,862,42,66,49,28,0,0,29,0,0,0,17,47,37,26,47,29,0,0,1671474600.0,Tuesday,normal,0,0,0,0,0,1
354,2022-12-21,68469,27025,4.14,79,1291,29,72,50,36,0,0,0,0,0,0,0,34,33,19,0,0,0,0,1671561000.0,Wednesday,normal,0,0,0,0,0,1
355,2022-12-22,63145,22411,4.39,79,1291,51,70,57,43,0,66,75,0,0,0,0,47,43,47,0,75,0,1,1671647400.0,Thursday,"Tirumala Sri TT Adhyayanotsavam Begins, Masa Shivratri",0,1,1,0,0,0
356,2022-12-23,62055,23044,3.99,79,1324,45,80,63,55,0,0,0,43,43,1,0,25,52,0,0,0,0,1,1671733800.0,Friday,Amavasya,0,1,0,0,0,0
357,2022-12-24,71528,32008,3.81,79,1324,100,100,100,100,0,0,100,0,0,1,0,100,100,100,0,100,1,0,1671820200.0,Saturday,normal,0,0,0,0,0,1
358,2022-12-25,70373,32954,5.05,77,2339,35,81,69,12,35,53,25,0,0,2,19,30,37,17,0,25,1,0,1671906600.0,Sunday,normal,0,0,0,0,0,1
359,2022-12-26,62152,30682,4.05,79,2689,35,80,61,39,32,0,32,14,14,0,27,20,34,29,0,32,0,0,1671993000.0,Monday,Sravanam,0,1,0,0,0,0
360,2022-12-27,70496,25500,5.88,79,1275,34,80,65,56,33,42,0,0,0,2,0,38,46,13,0,0,0,0,1672079400.0,Tuesday,normal,0,0,0,0,0,1
361,2022-12-28,71299,28288,3.26,82,972,37,74,59,52,37,0,0,0,0,0,17,39,40,24,0,0,0,1,1672165800.0,Wednesday,normal,0,0,0,0,0,1
362,2022-12-29,67156,24752,4.92,82,862,0,75,52,17,0,0,0,0,0,0,0,20,38,18,0,0,0,0,1672252200.0,Thursday,normal,0,0,0,0,0,1
363,2022-12-30,63253,24490,5.16,82,972,22,77,56,14,100,0,0,0,0,0,16,20,36,16,0,0,0,0,1672338600.0,Friday,normal,0,0,0,0,0,1
364,2022-12-31,71069,34741,4.98,82,862,45,55,23,24,36,54,22,2,4,5,32,35,53,33,32,14,1,0,1672425000.0,Saturday,normal,0,0,0,0,0,1
